Year,Topic
2022,4
2023,2
2022,3
2020,8
2020,3
2010,5
2020,5
2013,3
2018,5
2018,5
2017,3
2018,2
2017,3
2018,2
2022,5
2013,2
2020,3
2015,3
2016,5
2020,7
2024,8
2022,3
2018,3
2022,3
2017,8
2019,5
2016,3
2022,5
2014,8
2016,2
2022,5
2021,3
2022,3
2017,3
2023,2
2022,3
2015,2
2017,3
2017,2
2018,3
2018,5
2017,3
2016,3
2022,3
2018,5
2016,8
2022,3
2022,6
2020,5
2017,2
2022,3
2020,7
2018,3
2020,3
2022,2
2010,3
2015,2
2020,6
2017,8
2022,8
2019,2
2017,3
2014,3
2019,5
2020,4
2019,3
2017,3
2018,5
2023,2
2008,7
2019,3
2017,5
2017,3
2024,5
2016,3
2021,2
2024,5
2020,5
2024,4
2024,3
2017,4
2015,2
2011,5
2024,6
2010,3
2021,3
2020,3
2010,2
2013,3
2024,2
2018,3
2014,5
2020,2
2009,3
2022,5
2022,6
2020,5
2019,6
2018,3
2010,3
2024,8
2020,3
2019,2
2023,2
2011,4
2020,1
2019,3
2019,2
2017,3
2019,5
2017,6
2020,4
2017,2
2021,5
2018,3
2012,3
2022,5
2015,2
2019,2
2015,3
2022,1
2020,8
2022,3
2020,2
2008,3
2020,3
2018,3
2020,2
2017,8
2024,5
2020,5
2021,3
2022,5
2010,6
2016,3
2024,8
2023,5
2023,3
2020,5
2014,2
2015,5
2023,3
2021,3
2019,6
2019,4
2023,2
2022,3
2017,2
2011,3
2019,2
2017,2
2020,3
2017,8
2013,7
2018,2
2015,2
2018,2
2024,3
2022,3
2020,2
2024,8
2022,7
2018,7
2013,2
2014,4
2022,6
2012,5
2020,3
2020,2
2020,2
2017,7
2010,5
2024,8
2022,2
2016,2
2022,7
2020,2
2023,3
2015,5
2020,8
2010,3
2012,2
2019,2
2022,8
2024,6
2018,3
2022,2
2024,8
2022,2
2020,5
2017,3
2019,3
2015,2
2010,6
2023,5
2022,3
2022,8
2017,2
2019,2
2009,2
2022,2
2017,3
2018,4
2022,3
2024,6
2018,3
2012,2
2022,6
2020,6
2018,7
2020,2
2017,3
2013,8
2016,2
2017,2
2022,8
2019,2
2023,6
2020,2
2016,2
2020,3
2018,6
2024,3
2023,8
2017,3
2023,1
2012,5
2020,1
2020,6
2022,2
2020,8
2013,8
2015,2
2016,8
2016,2
2020,3
2019,8
2019,2
2020,1
2017,6
2020,3
2017,2
2016,6
2020,1
2020,3
2020,3
2020,8
2020,5
2020,5
2014,2
2020,5
2020,6
2024,2
2020,2
2020,5
2020,6
2020,1
2020,4
2020,1
2020,4
2020,8
2020,1
2020,6
2020,2
2020,7
2020,2
2020,2
2020,3
2020,6
2020,2
2020,6
2017,1
2021,4
2015,2
2018,2
2022,3
2017,6
2017,8
2021,2
2017,4
2017,5
2016,3
2022,6
2017,4
2024,5
2019,2
2020,6
2013,1
2019,1
2016,6
2016,2
2021,3
2020,3
2020,2
2019,8
2022,8
2020,6
2020,6
2022,6
2022,8
2020,6
2020,6
2020,6
2020,2
2020,6
2020,6
2020,6
2018,5
2018,5
2024,5
2010,2
2016,2
2024,5
2022,5
2022,5
2010,3
2016,4
2016,3
2013,4
2010,5
2013,3
2015,3
2019,4
2023,4
2019,2
2015,4
2015,6
2018,2
2012,4
2023,8
2024,3
2022,5
2014,3
2024,3
2010,3
2019,8
2013,3
2024,8
2015,2
2012,7
2012,3
2011,8
2017,3
2014,3
2014,3
2012,5
2022,3
2014,3
2013,3
2023,3
2013,8
2016,3
2018,3
2015,3
2013,3
2017,3
2023,3
2023,8
2016,3
2016,8
2024,3
2024,7
2023,3
2021,1
2021,3
2017,1
2012,5
2016,3
2008,5
2019,3
2018,8
2012,8
2012,3
2022,8
2023,3
2017,6
2008,5
2017,3
2011,7
2020,8
2024,3
2012,5
2021,3
2014,3
2019,8
2024,8
2020,2
2009,5
2023,6
2009,3
2014,3
2011,8
2023,8
2013,3
2018,5
2009,3
2011,5
2017,3
2013,8
2013,3
2021,7
2017,3
2020,3
2017,5
2014,5
2023,7
2021,7
2021,5
2009,4
